"Id","SalePrice"
1,399797.841348448
2,525285.190061768
3,271677.563316722
4,8e+05
5,339931.670940096
6,580414.877418878
7,348419.169255856
8,8e+05
9,339812.719661489
10,387111.440449575
11,8e+05
12,229406.941643842
13,432106.208636515
14,524457.140513467
15,8e+05
16,8e+05
17,498503.344846504
18,8e+05
19,613339.47859026
20,676956.506629641
21,8e+05
22,421398.24056704
23,413446.03197864
24,434710.978302393
25,495860.863809343
26,8e+05
27,56722.4768100022
28,8e+05
29,644016.458090133
30,422489.081239486
31,151492.553817244
32,98952.9312136542
33,506566.037044797
34,8e+05
35,317006.534018369
36,8e+05
37,8e+05
38,286364.494373241
39,50000
40,8e+05
41,8e+05
42,472650.066688075
43,8e+05
44,247716.881149408
45,8e+05
46,455774.235913466
47,8e+05
48,324375.993541483
49,8e+05
50,8e+05
51,650737.731422828
52,302949.276988514
53,250670.502726947
54,398625.311129227
55,157622.273613518
56,8e+05
57,8e+05
58,8e+05
59,432121.404717356
60,399640.601554691
61,8e+05
62,8e+05
63,546170.978165646
64,410472.252717525
65,251129.344113899
66,119733.442390924
67,376681.61568749
68,676661.518291491
69,8e+05
70,502761.369161182
71,450983.69999897
72,578120.82797326
73,8e+05
74,8e+05
75,365708.988727934
76,199057.228603644
77,8e+05
78,318515.801256137
79,143803.833470755
80,398363.657457908
81,8e+05
82,635377.599494968
83,233409.901234591
84,8e+05
85,192883.962127228
86,471426.191639316
87,8e+05
88,127505.464462814
89,355468.337410212
90,8e+05
91,434950.702909364
92,748648.511607813
93,564205.366587509
94,571732.123292068
95,8e+05
96,422040.614000325
97,484099.754748875
98,8e+05
99,8e+05
100,437188.333808288
101,416746.393407542
102,727104.736706674
103,478076.283613146
104,8e+05
105,268316.763071134
106,8e+05
107,419873.864601671
108,643870.466863038
109,463852.434570029
110,342969.533205936
111,558642.743086156
112,69450.8817497397
113,407456.59688801
114,8e+05
115,591976.045945002
116,490921.50389895
117,265723.164755229
118,8e+05
119,8e+05
120,303873.47042306
121,424719.010443167
122,8e+05
123,8e+05
124,8e+05
125,596144.009532355
126,8e+05
127,458723.3728081
128,417520.428977324
129,8e+05
130,435697.049664247
131,8e+05
132,520801.406085591
133,502166.474679299
134,316830.38211432
135,449872.839465684
136,8e+05
137,8e+05
138,372044.021965588
139,8e+05
140,8e+05
141,161152.288410521
142,8e+05
143,8e+05
144,156024.436349388
145,428459.38522506
146,334103.511776816
147,8e+05
148,8e+05
149,478529.013809862
150,8e+05
151,336702.102659095
152,330300.895790803
153,8e+05
154,8e+05
155,267698.767698554
156,8e+05
157,266506.63544802
158,8e+05
159,530559.497747346
160,364097.4722467
161,8e+05
162,8e+05
163,8e+05
164,55209.7053770675
165,691228.225369998
166,320938.80243463
167,158614.702594172
168,8e+05
169,8e+05
170,344201.989580815
171,358091.321496523
172,8e+05
173,270899.952971058
174,100714.686279285
175,556821.14784438
176,299235.231562352
177,113810.581079565
178,8e+05
179,559613.156105618
180,172963.818111238
181,8e+05
182,307116.193328174
183,156067.7846885
184,617626.459457815
185,695904.009645235
186,164157.726800229
187,8e+05
188,8e+05
189,327976.177541862
190,8e+05
191,152508.130203896
192,8e+05
193,475307.048998909
194,242867.549694078
195,573456.293222912
196,790349.821085343
197,483441.806610557
198,273690.163755918
199,8e+05
200,8e+05
201,430588.552679084
202,329183.337807905
203,297869.274532478
204,444611.418552747
205,220301.886396354
206,159344.021771876
207,8e+05
208,420725.992756655
209,474200.042379943
210,8e+05
211,424089.127398139
212,439021.250979705
213,8e+05
214,8e+05
215,262181.117305526
216,8e+05
217,8e+05
218,326638.443441257
219,8e+05
220,730306.357553048
221,443707.526183558
222,207880.946881287
223,8e+05
224,783116.311265852
225,8e+05
226,277016.537219609
227,8e+05
228,498439.081858604
229,8e+05
230,429949.689517122
231,8e+05
232,8e+05
233,568786.75552148
234,343806.231033112
235,8e+05
236,517177.333712245
237,277728.25152049
238,411300.431729469
239,774490.798021503
240,8e+05
241,420966.894797942
242,8e+05
243,643691.29471289
244,440699.32556299
245,478029.626350974
246,496604.642151826
247,240567.817344507
248,402576.966604311
249,347926.15001184
250,432798.290474228
251,367276.086697928
252,380974.704336836
253,613390.076064194
254,8e+05
255,8e+05
256,348618.293919908
257,302309.863532414
258,8e+05
259,465004.918926073
260,333290.039253968
261,8e+05
262,8e+05
263,8e+05
264,8e+05
265,477770.381719586
266,326411.403680053
267,8e+05
268,477464.882734725
269,8e+05
270,511091.560973474
271,8e+05
272,8e+05
273,8e+05
274,8e+05
275,8e+05
276,8e+05
277,8e+05
278,158994.944091818
279,591756.392554081
280,8e+05
281,420597.40944506
282,534156.330225615
283,156495.718210889
284,681801.918809594
285,75228.0069576235
286,8e+05
287,436635.356548942
288,8e+05
289,389273.417274877
290,324237.602897915
291,621153.786987043
292,505458.411625391
293,8e+05
294,8e+05
295,307816.197530318
296,307548.300895504
297,139164.229543691
298,310633.269426865
299,569916.863407729
300,390579.359900092
301,251456.799803108
302,407925.727325278
303,687549.130242607
304,8e+05
305,464873.203804654
306,257437.948296605
307,8e+05
308,77111.0381591458
309,350987.733340893
310,68741.2692001257
311,223807.691193941
312,359291.344720355
313,363608.614091728
314,293271.446749855
315,8e+05
316,400043.798963076
317,489680.368492735
318,8e+05
319,8e+05
320,496994.568374797
321,8e+05
322,8e+05
323,356809.664893852
324,430360.664719942
325,8e+05
326,400956.613043644
327,8e+05
328,8e+05
329,8e+05
330,8e+05
331,335370.787213336
332,117918.092746741
333,309823.564280716
334,281646.361865961
335,480312.309054542
336,482443.24756728
337,335923.601647599
338,185009.154972765
339,8e+05
340,495809.392268216
341,475527.046378077
342,241019.242204902
343,8e+05
344,50000
345,687511.319700195
346,459134.671378119
347,150479.526811653
348,675307.637225083
349,289597.058342056
350,8e+05
351,8e+05
352,432328.592044259
353,469911.902977806
354,8e+05
355,365054.008264905
356,588221.184675809
357,8e+05
358,74222.1418492456
359,339287.85857792
360,694229.659947933
361,8e+05
362,8e+05
363,361095.411735455
364,353516.188796438
365,521928.115942323
366,302751.760466868
367,71367.1842945924
368,260553.392294076
369,313821.761224717
370,519868.557424412
371,305372.739791045
372,8e+05
373,8e+05
374,8e+05
375,8e+05
376,444929.426619403
377,8e+05
378,423025.796329678
379,8e+05
380,693877.847066612
381,262981.461366491
382,358007.087004196
383,333202.899763873
384,8e+05
385,8e+05
386,8e+05
387,630896.950077296
388,573712.11265179
389,219166.214074054
390,549817.173480739
391,8e+05
392,8e+05
393,170295.826697383
394,636018.149283037
395,8e+05
396,430774.649538584
397,8e+05
398,472664.917747862
399,8e+05
400,422418.787653117
401,219411.20102611
402,475706.553798628
403,8e+05
404,8e+05
405,360277.113034405
406,380828.969122674
407,143337.850524559
408,8e+05
409,122385.88877051
410,270136.128070017
411,177549.761342269
412,54149.1427778075
413,370515.840649574
414,192235.882146857
415,8e+05
416,8e+05
417,314725.502844371
418,257895.075935703
419,541476.152719379
420,369420.989938324
421,166139.244822124
422,238033.692192294
423,313216.699697559
424,295647.582127555
425,8e+05
426,8e+05
427,8e+05
428,8e+05
429,8e+05
430,116093.564127093
431,100934.29757552
432,8e+05
433,472323.637956743
434,197633.456342696
435,486568.661491634
436,351864.102868155
437,285383.535769894
438,639940.6531794
439,553450.23253535
440,153924.079022996
441,199524.586410424
442,8e+05
443,50000
444,8e+05
445,769472.64205106
446,301026.205461075
447,276770.152488159
448,277248.419544091
449,8e+05
450,708539.532548565
451,782836.591285983
452,8e+05
453,293721.915370994
454,355184.958728148
455,8e+05
456,8e+05
457,375359.694393819
458,8e+05
459,492887.578005924
460,641376.711954767
461,727203.528697214
462,403451.493373528
463,192113.833793467
464,8e+05
465,8e+05
466,61421.9425694983
467,8e+05
468,738887.738909605
469,8e+05
470,8e+05
471,336115.660978236
472,8e+05
473,357329.256811854
474,92127.5321689891
475,489756.413393992
476,8e+05
477,116312.128899798
478,536186.235279829
479,8e+05
480,557861.05852483
481,8e+05
482,282871.275947379
483,305032.75066153
484,794601.302286022
485,8e+05
486,8e+05
487,8e+05
488,388132.479639317
489,8e+05
490,797482.510750454
491,419655.245323711
492,432596.108643662
493,8e+05
494,684929.352568843
495,143977.385991218
496,343966.672965559
497,412034.578564783
498,8e+05
499,330443.616015351
500,760213.145396956
501,8e+05
502,529177.046485209
503,603456.123781252
504,8e+05
505,350832.068743497
506,8e+05
507,286226.603901317
508,89840.2651400061
509,8e+05
510,249985.546521444
511,8e+05
512,8e+05
513,8e+05
514,8e+05
515,8e+05
516,604540.287907371
517,198365.983395995
518,325631.225175997
519,8e+05
520,235052.440003328
521,646417.255223053
522,8e+05
523,8e+05
524,8e+05
525,235707.551745496
526,50000
527,705985.178848914
528,8e+05
529,502820.09751123
530,8e+05
531,450440.671203048
532,324919.267586392
533,8e+05
534,346000.953264804
535,300133.194531272
536,383672.397845973
537,8e+05
538,244583.906862413
539,135297.347706367
540,8e+05
541,8e+05
542,198384.968671737
543,8e+05
544,432758.333086556
545,8e+05
546,8e+05
547,8e+05
548,293800.071230971
549,8e+05
550,370542.828892581
551,268459.203221081
552,615383.983465332
553,8e+05
554,608429.452300327
555,8e+05
556,426549.653713792
557,334008.483958604
558,741059.140892286
559,432679.42972511
560,454406.655732327
561,8e+05
562,195149.763090931
563,782833.225005488
564,166387.613727933
565,8e+05
566,8e+05
567,8e+05
568,223710.71050593
569,417893.90458801
570,234527.798054133
571,8e+05
572,163907.649512397
573,401358.991462853
574,693766.048417103
575,357354.886462273
576,311658.830323065
577,134884.60483913
578,561620.459177837
579,8e+05
580,8e+05
581,235467.350771173
582,622194.379307943
583,353589.471280652
584,300187.643015979
585,262691.080242168
586,116415.138550433
587,8e+05
588,263554.332783882
589,8e+05
590,8e+05
591,566387.86430612
592,8e+05
593,360468.465326702
594,8e+05
595,598753.994137988
596,192265.745258963
597,402220.397034878
598,568931.403831299
599,8e+05
600,257283.739047901
601,8e+05
602,291513.514525434
603,8e+05
604,566182.104152468
605,287820.391705374
606,374213.685880806
607,648867.295421294
608,220314.080791429
609,8e+05
610,8e+05
611,8e+05
612,343575.45663284
613,441127.393099605
614,442433.58721099
615,397060.084643075
616,112195.988943819
617,8e+05
618,308737.723610063
619,297595.115519347
620,8e+05
621,349056.662029464
622,308619.436318568
623,8e+05
624,535014.614078007
625,109208.194427802
626,166063.67469448
627,466678.234483392
628,284279.117856948
629,333189.05360118
630,8e+05
631,178599.592122628
632,481948.248610925
633,8e+05
634,251962.4901892
635,8e+05
636,264409.560527304
637,418150.676153611
638,8e+05
639,8e+05
640,8e+05
641,351049.315696201
642,386499.208408538
643,8e+05
644,411156.157580605
645,8e+05
646,301095.190325974
647,507708.59455869
648,620901.482640643
649,319513.76270993
650,690025.848127316
651,8e+05
652,8e+05
653,349932.991562392
654,8e+05
655,66853.8543357575
656,300019.360823767
657,150900.097830487
658,239318.844911375
659,774448.398414882
660,8e+05
661,289934.986546704
662,258681.718880125
663,278995.333154041
664,8e+05
665,306686.444857988
666,456394.683036889
667,8e+05
668,487823.092470457
669,377542.902545044
670,8e+05
671,677956.212946266
672,120953.711211319
673,356924.494903435
674,528948.352066607
675,591414.973380708
676,98018.6322398823
677,8e+05
678,193771.5334331
679,482006.915307673
680,333152.53235422
681,8e+05
682,332156.423506986
683,365511.373037909
684,8e+05
685,8e+05
686,204378.451569365
687,550254.685179939
688,397378.653238508
689,8e+05
690,461739.109942178
691,8e+05
692,538308.093064809
693,8e+05
694,8e+05
695,8e+05
696,352719.773877797
697,8e+05
698,8e+05
699,8e+05
700,8e+05
701,152011.17586876
702,293059.633871474
703,551422.693317629
704,8e+05
705,8e+05
706,8e+05
707,320097.161686536
708,472774.534191564
709,560151.017099753
710,775334.941210637
711,433634.28023787
712,308424.316009266
713,561223.895322769
714,451221.500761528
715,8e+05
716,195572.294214381
717,8e+05
718,379923.363281631
719,269242.549387135
720,8e+05
721,8e+05
722,313186.216576235
723,275728.091478521
724,141172.901387529
725,566736.995924719
726,398092.402456933
727,613514.266478975
728,701822.476479446
729,8e+05
730,755406.734734493
731,8e+05
732,498716.010476645
733,356816.101539405
734,289464.356682128
735,443665.621099741
736,8e+05
737,574251.600998589
738,8e+05
739,550867.977582392
740,8e+05
741,288671.968820861
742,461931.539618243
743,213810.9168249
744,779177.492257355
745,8e+05
746,8e+05
747,323052.871899628
748,659918.197616685
749,8e+05
750,539837.148365409
751,370315.667177852
752,427824.836572655
753,369239.172575983
754,579892.067183153
755,8e+05
756,347762.66961597
757,388509.064938544
758,117881.687141241
759,8e+05
760,473923.05269037
761,8e+05
762,773285.040485232
763,158769.00962924
764,238275.740672483
765,8e+05
766,8e+05
767,360729.52067356
768,171047.932670743
769,8e+05
770,8e+05
771,107136.111806409
772,8e+05
773,198890.362342995
774,424658.763021953
775,324959.541444397
776,8e+05
777,398270.781700457
778,594163.738576739
779,245468.656776379
780,594735.215048599
781,89760.1319461971
782,8e+05
783,202830.524658042
784,8e+05
785,509485.763005374
786,332975.669237356
787,8e+05
788,297651.770700031
789,314591.913989668
790,369645.491036653
791,386326.148466503
792,8e+05
793,8e+05
794,394680.163604751
795,8e+05
796,8e+05
797,8e+05
798,273672.539186641
799,413483.446640954
800,8e+05
801,434579.789296436
802,105345.888234234
803,619542.749020091
804,433097.277613783
805,606744.137493686
806,408182.610949206
807,8e+05
808,50000
809,299284.726219716
810,413153.125471175
811,8e+05
812,478988.790277954
813,8e+05
814,8e+05
815,345488.755103413
816,8e+05
817,50000
818,592573.621333318
819,8e+05
820,8e+05
821,8e+05
822,8e+05
823,8e+05
824,8e+05
825,299790.15599963
826,159179.790647822
827,456293.816455084
828,338534.257679538
829,8e+05
830,8e+05
831,511293.294614103
832,567793.162882654
833,8e+05
834,784416.291382296
835,416960.308496242
836,8e+05
837,474660.103804536
838,417963.444376846
839,718149.498325612
840,8e+05
841,8e+05
842,321374.858136401
843,456045.294519153
844,8e+05
845,422950.29596588
846,326429.977537357
847,8e+05
848,410048.907210462
849,397978.280295663
850,8e+05
851,565810.378565965
852,108819.462750259
853,145859.428512007
854,475884.022173785
855,413085.985973421
856,387290.196640976
857,385128.667711655
858,461612.922245312
859,8e+05
860,286651.077588163
861,543507.135601917
862,8e+05
863,8e+05
864,8e+05
865,199615.144358508
866,166829.264274588
867,8e+05
868,354827.674396516
869,686704.442190003
870,501014.471191661
871,8e+05
872,303160.786020026
873,8e+05
874,8e+05
875,614852.898238702
876,113614.822232334
877,173697.961723281
878,378682.047250724
879,8e+05
880,402891.189985451
881,8e+05
882,770019.004380177
883,621123.586049666
884,8e+05
885,8e+05
886,8e+05
887,8e+05
888,546759.061793826
889,8e+05
890,384726.888058375
891,284703.480667587
892,8e+05
893,257596.545801758
894,8e+05
895,334251.339959386
896,8e+05
897,500407.839398932
898,8e+05
899,8e+05
900,460808.779723068
901,445216.409173149
902,360903.240797195
903,395675.10998453
904,8e+05
905,111534.09041668
906,8e+05
907,8e+05
908,8e+05
909,8e+05
910,402882.969808629
911,8e+05
912,601573.49995148
913,8e+05
914,152188.426157642
915,8e+05
916,482531.50934756
917,674502.812074332
918,298338.376677891
919,8e+05
920,301879.525697731
921,499938.283242381
922,298449.937191963
923,781444.341724288
924,789147.225702937
925,8e+05
926,60254.8042486801
927,650981.615324422
928,302573.31362673
929,183898.453936569
930,8e+05
931,8e+05
932,423610.494478394
933,742610.015484055
934,502892.594086757
935,116077.938180012
936,405204.748468443
937,56427.4435874798
938,642045.544348459
939,408578.196537788
940,8e+05
941,8e+05
942,159180.960066233
943,8e+05
944,8e+05
945,8e+05
946,380329.291673346
947,146046.580305086
948,8e+05
949,8e+05
950,369692.862805151
951,463193.696302158
952,262355.85976978
953,299521.797382652
954,614377.133928592
955,330799.277813668
956,422542.478634929
957,8e+05
958,251935.060523437
959,264623.296211288
960,58806.9406755617
961,364387.045081223
962,447293.8171783
963,202692.138516758
964,110534.699705139
965,8e+05
966,365381.198321315
967,627006.514693887
968,8e+05
969,8e+05
970,8e+05
971,126956.899945646
972,361916.379859836
973,8e+05
974,326671.634830827
975,578711.549715569
976,217389.125584943
977,369557.478157894
978,591881.95208357
979,241294.854563782
980,383844.337336543
981,493767.871222577
982,8e+05
983,306708.828327498
984,8e+05
985,500008.204205225
986,522656.040446299
987,8e+05
988,639332.817214386
989,8e+05
990,53953.4448552607
991,8e+05
992,8e+05
993,342872.548188837
994,237731.057640771
995,8e+05
996,366013.460942107
997,8e+05
998,150251.792556008
999,226443.040331598
1000,8e+05
1001,175787.337581879
1002,8e+05
1003,8e+05
1004,166985.265098213
1005,450383.346076544
1006,8e+05
1007,8e+05
1008,8e+05
1009,507079.476965334
1010,8e+05
1011,8e+05
1012,8e+05
1013,610657.499645617
1014,8e+05
1015,283189.986392693
1016,263660.549662278
1017,456451.570486352
1018,399953.27607588
1019,797010.002254035
1020,455953.271077772
1021,8e+05
1022,533668.650010789
1023,554555.63983893
1024,418004.236118872
1025,8e+05
1026,739207.638307421
1027,8e+05
1028,305896.615698701
1029,8e+05
1030,8e+05
1031,111156.090510155
1032,316194.437865818
1033,306779.175099434
1034,8e+05
1035,346263.698089458
1036,354008.469262933
1037,373044.644318273
1038,534625.404787251
1039,258268.83143433
1040,8e+05
1041,416483.164693555
1042,8e+05
1043,8e+05
1044,8e+05
1045,306562.635638596
1046,134387.628321814
1047,516622.916864476
1048,558159.418514506
1049,285573.504594473
1050,525293.534421785
1051,395974.450993017
1052,202796.189783525
1053,343383.796386318
1054,8e+05
1055,151544.691341202
1056,318041.832469888
1057,338167.033423702
1058,8e+05
1059,225691.958851714
1060,520503.602409401
1061,456782.368353697
1062,114896.098625439
1063,441141.88840097
1064,8e+05
1065,224532.855661433
1066,604100.13371775
1067,235025.939391486
1068,8e+05
1069,8e+05
1070,8e+05
1071,393230.967284396
1072,150779.776508381
1073,205769.225503359
1074,8e+05
1075,771086.248223821
1076,136667.003587166
1077,8e+05
1078,8e+05
1079,643423.679646836
1080,635266.543590228
1081,307058.794501592
1082,453671.833920178
1083,464584.525772661
1084,328134.794449631
1085,228190.712503611
1086,8e+05
1087,302453.279402952
1088,8e+05
1089,570219.147305217
1090,311089.901122956
1091,327816.464235189
1092,434657.282235038
1093,8e+05
1094,8e+05
1095,399195.471831612
1096,464106.901695908
1097,177451.661367388
1098,8e+05
1099,8e+05
1100,8e+05
1101,348245.722775818
1102,8e+05
1103,50000
1104,564881.502200789
1105,8e+05
1106,307645.236840057
1107,122387.612381732
1108,456755.66341754
1109,89801.0760695418
1110,413839.350125714
1111,334573.254334493
1112,326257.215555507
1113,8e+05
1114,306266.629448156
1115,8e+05
1116,8e+05
1117,8e+05
1118,373868.869272051
1119,8e+05
1120,318459.309082623
1121,308637.464365912
1122,8e+05
1123,261533.318121088
1124,8e+05
1125,572345.58540302
1126,350992.169622426
1127,261527.677615439
1128,402401.338649704
1129,153392.045444858
1130,772497.131666471
1131,267163.729274434
1132,458889.185037706
1133,143773.386193765
1134,679917.51532326
1135,247341.391682447
1136,368560.691753638
1137,504994.702724446
1138,8e+05
1139,349425.198023938
1140,8e+05
1141,8e+05
1142,377627.610745863
1143,538638.353394975
1144,8e+05
1145,8e+05
1146,692254.431725176
1147,8e+05
1148,469708.827691521
1149,50000
1150,8e+05
1151,271840.755246616
1152,8e+05
1153,521011.989160998
1154,8e+05
1155,638548.799278746
1156,380238.057817728
1157,184455.387327296
1158,359671.900381611
1159,56897.2407755237
1160,552876.203347277
1161,311913.211116526
1162,423042.898800321
1163,209539.336067953
1164,124630.349101896
1165,607183.891811937
1166,545637.166520682
1167,8e+05
1168,435059.68561289
1169,522674.74266607
1170,219478.038069869
1171,8e+05
1172,543272.266997553
1173,524848.215144794
1174,464732.941632066
1175,152583.639373981
1176,8e+05
1177,331961.631999559
1178,417684.632745498
1179,499753.642249261
1180,436750.193932329
1181,138962.10660935
1182,558072.661471895
1183,396759.035997494
1184,8e+05
1185,8e+05
1186,390301.230843306
1187,626199.460796462
1188,8e+05
1189,365284.470732468
1190,8e+05
1191,8e+05
1192,352390.798822071
1193,8e+05
1194,8e+05
1195,768248.845489434
1196,487466.934648849
1197,350858.635866157
1198,158078.35247461
1199,8e+05
1200,593345.932531075
1201,328156.088733322
1202,8e+05
1203,671368.112567955
1204,276937.740023195
1205,8e+05
1206,610160.20489492
1207,197405.740049464
1208,522679.746413785
1209,653594.503479537
1210,265440.800665452
1211,164764.635889016
1212,314147.191420597
1213,8e+05
1214,493834.974205583
1215,8e+05
1216,8e+05
1217,515682.529798423
1218,8e+05
1219,8e+05
1220,289183.664070019
1221,300392.594413216
1222,431012.035590381
1223,799905.778222431
1224,8e+05
1225,8e+05
1226,8e+05
1227,372063.652297026
1228,373278.860661938
1229,295293.706165571
1230,8e+05
1231,523217.272012243
1232,8e+05
1233,321694.982688879
1234,8e+05
1235,8e+05
1236,8e+05
1237,172278.64628778
1238,8e+05
1239,651585.46445904
1240,519468.982692881
1241,482538.146720663
1242,284731.500228882
1243,8e+05
1244,466505.579883516
1245,426392.505354063
1246,8e+05
1247,103854.485135392
1248,612224.390556417
1249,401453.527788791
1250,8e+05
1251,195304.344904869
1252,8e+05
1253,117644.308488316
1254,262481.879080961
1255,561151.172351718
1256,170556.695924705
1257,453795.641802218
1258,181530.577246363
1259,110144.793795828
1260,8e+05
1261,464235.638443608
1262,8e+05
1263,264517.981741581
1264,8e+05
1265,8e+05
1266,463080.595688777
1267,358931.269903595
1268,121839.281160088
1269,348805.895569717
1270,63906.3109183327
1271,8e+05
1272,8e+05
1273,249127.676071167
1274,444517.569895427
1275,283188.964467429
1276,8e+05
1277,292272.244307624
1278,601255.627638859
1279,8e+05
1280,8e+05
1281,8e+05
1282,311488.480475293
1283,8e+05
1284,668494.22116692
1285,773962.844483183
1286,518707.020644538
1287,8e+05
1288,8e+05
1289,565533.9433195
1290,215353.402952732
1291,324826.736652469
1292,8e+05
1293,8e+05
1294,50000
1295,449446.769938616
1296,110750.124565692
1297,304125.370963274
1298,433003.332318618
1299,595423.950468522
1300,8e+05
1301,8e+05
1302,467020.166462692
1303,452122.89032993
1304,8e+05
1305,8e+05
1306,61483.976168957
1307,516254.611486966
1308,354855.919154973
1309,550184.929510992
1310,458850.191614735
1311,657857.479343863
1312,505540.944835592
1313,504743.327944528
1314,113165.68435479
1315,586928.568502176
1316,8e+05
1317,8e+05
1318,8e+05
1319,8e+05
1320,98339.2764309876
1321,8e+05
1322,8e+05
1323,304051.531626731
1324,8e+05
1325,538136.76561433
1326,460575.606409045
1327,254635.523882214
1328,612649.523286383
1329,8e+05
1330,661954.16636903
1331,382292.290607677
1332,564437.695921201
1333,490157.768311599
1334,8e+05
1335,8e+05
1336,490533.996783604
1337,8e+05
1338,8e+05
1339,624110.567626627
1340,324323.833764013
1341,360524.087697736
1342,73005.7304048805
1343,624427.710926002
1344,385348.848558759
1345,8e+05
1346,471335.45211066
1347,551794.888091463
1348,191423.077597242
1349,641395.667702872
1350,346822.454999809
1351,8e+05
1352,549235.139988414
1353,8e+05
1354,8e+05
1355,601809.268204818
1356,240528.46957065
1357,50000
1358,8e+05
1359,542987.781917158
1360,8e+05
1361,238376.626638644
1362,720719.851582577
1363,287696.774648498
1364,589221.356805426
1365,301015.874644956
1366,553615.568557241
1367,585475.822121052
1368,217546.186721338
1369,644224.198593312
1370,285415.594368263
1371,199111.212892405
1372,8e+05
1373,406145.124438697
1374,8e+05
1375,458012.939397944
1376,340516.080240128
1377,685270.08549553
1378,335145.537301155
1379,429807.899569773
1380,255399.111235396
1381,140431.67037941
1382,443997.000509516
1383,398613.208747146
1384,8e+05
1385,8e+05
1386,755056.050508723
1387,91436.3654662026
1388,314827.550806904
1389,8e+05
1390,8e+05
1391,202303.699406387
1392,250689.003259949
1393,505251.046405515
1394,195057.892701027
1395,380388.865196982
1396,617324.237560401
1397,263919.633280835
1398,683189.361677868
1399,138491.23650508
1400,410877.982497634
1401,8e+05
1402,8e+05
1403,525064.868102538
1404,379528.545535959
1405,8e+05
1406,8e+05
1407,298833.205000266
1408,619785.454768569
1409,318756.567126579
1410,511337.129594377
1411,438851.047421201
1412,358716.738581394
1413,59449.6376140465
1414,194104.414142785
1415,560756.940553869
1416,493945.872807031
1417,118878.964727008
1418,8e+05
1419,353639.182523651
1420,518728.636629646
1421,395903.391173038
1422,792399.227285017
1423,330175.006711685
1424,666059.681564498
1425,465282.899255801
1426,677360.619880733
1427,8e+05
1428,8e+05
1429,110728.836960469
1430,199182.066833114
1431,266278.610713741
1432,165099.812133822
1433,53904.1001032258
1434,177158.605905371
1435,8e+05
1436,310073.24745698
1437,793774.578330261
1438,175622.06763013
1439,163308.233549398
1440,8e+05
1441,192037.64626418
1442,455713.049852426
1443,8e+05
1444,8e+05
1445,410205.124786743
1446,634212.697906402
1447,762392.079151349
1448,491962.743392848
1449,117674.634594138
1450,8e+05
1451,283770.027624807
1452,8e+05
1453,555051.166165031
1454,50000
1455,299467.232676612
1456,8e+05
1457,8e+05
1458,484620.005948627
1459,414595.051212634
1460,353428.545078357
1461,545179.075917273
1462,612364.968171162
1463,365448.811535884
1464,150399.296498462
1465,485491.437293734
1466,648127.029797367
1467,8e+05
1468,768624.219611538
1469,689740.489479493
1470,8e+05
1471,79901.3792634688
1472,64577.6151766008
1473,473341.69230725
1474,713699.263145424
1475,334638.912362911
1476,391215.917710571
1477,360195.652242021
1478,8e+05
1479,493671.278684577
1480,342340.066692017
1481,366505.812750807
1482,8e+05
1483,609974.427512082
1484,305789.890295825
1485,191616.046798301
1486,464896.062448656
1487,8e+05
1488,269431.148320214
1489,8e+05
1490,340558.109647032
1491,234200.86227969
1492,595541.198882872
1493,714472.16714142
1494,312344.462830972
1495,516511.85738053
1496,376778.168363826
1497,433423.266510254
1498,8e+05
1499,428982.835073571
1500,344051.767310702
1501,8e+05
1502,8e+05
1503,8e+05
1504,543746.410980621
1505,423608.041320997
1506,8e+05
1507,418663.001980737
1508,431636.524628103
1509,8e+05
1510,8e+05
1511,8e+05
1512,629723.810553427
1513,8e+05
1514,659100.580442873
1515,50000
1516,469918.1703997
1517,618634.099476149
1518,8e+05
1519,8e+05
1520,50000
1521,8e+05
1522,401309.411767747
1523,558963.023126091
1524,117517.811997644
1525,476395.766988285
1526,568767.429700766
1527,372326.343699605
1528,447226.12915543
1529,352326.784114818
1530,487115.121862656
1531,8e+05
1532,280972.498696922
1533,8e+05
1534,251799.060983216
1535,8e+05
1536,8e+05
1537,595381.414301643
1538,109334.086864443
1539,334443.282488028
1540,485812.473720346
1541,8e+05
1542,8e+05
1543,8e+05
1544,8e+05
1545,689083.425949889
1546,419083.339107466
1547,404199.313924746
1548,8e+05
1549,385440.08303136
1550,736967.249473644
1551,466511.437058431
1552,576298.529332166
1553,8e+05
1554,8e+05
1555,428287.235718158
1556,258072.461571385
1557,402586.574316132
1558,188666.34375537
1559,469940.870324257
1560,481342.892164668
1561,146779.251323036
1562,8e+05
1563,8e+05
1564,554094.231246148
1565,8e+05
1566,475438.406919648
1567,8e+05
1568,355144.283517916
1569,333299.552068223
1570,8e+05
1571,8e+05
1572,426381.914931522
1573,409346.798112807
1574,293393.395480745
1575,8e+05
1576,8e+05
1577,8e+05
1578,8e+05
1579,8e+05
1580,336757.343838923
1581,730472.258263644
1582,561317.657744871
1583,412726.300764335
1584,469309.040732595
1585,8e+05
1586,462363.617601422
1587,8e+05
1588,275766.062886078
1589,555341.874962242
1590,428241.763273979
1591,408608.492849871
1592,8e+05
1593,599845.44474799
1594,488379.550510677
1595,551427.601643232
1596,8e+05
1597,8e+05
1598,427075.011175978
1599,8e+05
1600,8e+05
1601,490709.479214831
1602,592067.155153407
1603,460731.431805552
1604,8e+05
1605,509251.907744007
1606,406184.023317964
1607,8e+05
1608,421077.375417488
1609,70352.3836710854
1610,438876.850396126
1611,8e+05
1612,457639.993499037
1613,8e+05
1614,385891.540951938
1615,332928.430697915
1616,425463.586715903
1617,8e+05
1618,298367.235053805
1619,8e+05
1620,488362.022840247
1621,8e+05
1622,8e+05
1623,197386.771469185
1624,386057.892278862
1625,8e+05
1626,8e+05
1627,153392.335014378
1628,352382.529140265
1629,259894.061583503
1630,455037.153360175
1631,8e+05
1632,415128.67338959
1633,304023.196443678
1634,8e+05
1635,8e+05
1636,8e+05
1637,8e+05
1638,8e+05
1639,8e+05
1640,552908.657271625
1641,8e+05
1642,8e+05
1643,353956.081411643
1644,100012.821281832
1645,8e+05
1646,556691.416180124
1647,298407.478689137
1648,274919.848707201
1649,597066.229180415
1650,543492.644107019
1651,8e+05
1652,172982.710432712
1653,8e+05
1654,617258.380372493
1655,8e+05
1656,378260.483670796
1657,152213.196997435
1658,8e+05
1659,603991.427738019
1660,479752.640098411
1661,566201.396838717
1662,345180.204201196
1663,116378.151016258
1664,447036.889823547
1665,693748.586204727
1666,600051.958453374
1667,328136.290566919
1668,702641.791676555
1669,73093.7763103451
1670,302530.214623602
1671,437852.477477573
1672,8e+05
1673,298344.032654625
1674,331782.276899922
1675,207691.052229019
1676,8e+05
1677,156735.746947728
1678,8e+05
1679,425846.132998067
1680,8e+05
1681,258868.169886891
1682,642743.777248526
1683,258036.029744234
1684,8e+05
1685,340679.06952464
1686,322874.9759781
1687,8e+05
1688,395265.712702476
1689,8e+05
1690,482373.75952779
1691,419567.864882377
1692,498014.966816014
1693,180820.440770706
1694,431847.99301128
1695,517872.163064596
1696,434292.964542883
1697,8e+05
1698,8e+05
1699,77542.5705156333
1700,337234.548963798
1701,298048.582134569
1702,8e+05
1703,278675.364761567
1704,8e+05
1705,367827.540872486
1706,670720.057458672
1707,8e+05
1708,427392.327848699
1709,298524.320296548
1710,8e+05
1711,311183.469431838
1712,483380.144660488
1713,239590.689924305
1714,352971.213773467
1715,433868.275170416
1716,244239.055987471
1717,349545.896707313
1718,167879.840448832
1719,376549.341253319
1720,478592.585834318
1721,86028.8857846017
1722,8e+05
1723,342946.24746159
1724,182498.8231296
1725,8e+05
1726,307190.442279973
1727,8e+05
1728,8e+05
1729,8e+05
1730,257097.880557132
1731,239528.163978826
1732,695765.877913727
1733,582924.263668724
1734,241395.812734481
1735,418394.263306639
1736,638073.431460106
1737,777596.523155646
1738,239869.577113976
1739,420721.442379492
1740,8e+05
1741,325762.470090035
1742,337427.842503179
1743,8e+05
1744,484754.041466893
1745,8e+05
1746,216355.947905601
1747,8e+05
1748,8e+05
1749,8e+05
1750,584464.938852253
1751,689837.751028143
1752,8e+05
1753,8e+05
1754,8e+05
1755,8e+05
1756,377336.324680598
1757,695001.828901697
1758,8e+05
1759,305111.683969757
1760,305745.699924946
1761,773386.992417167
1762,8e+05
1763,550597.001177571
1764,570754.41411975
1765,8e+05
1766,258419.512746026
1767,8e+05
1768,411605.371187743
1769,8e+05
1770,174789.443001965
1771,8e+05
1772,551820.615872859
1773,8e+05
1774,349146.993358205
1775,220235.085501899
1776,565575.161145092
1777,359038.825950512
1778,365294.628032081
1779,114653.375437172
1780,116418.9636181
1781,269945.01789647
1782,389018.023848613
1783,8e+05
1784,403963.559607821
1785,326784.794528189
1786,8e+05
1787,487929.08359915
1788,588580.867901223
1789,323919.066518754
1790,8e+05
1791,8e+05
1792,362878.088528365
1793,8e+05
1794,8e+05
1795,8e+05
1796,432167.759682351
1797,8e+05
1798,8e+05
1799,8e+05
1800,331811.161487975
1801,116144.365059257
1802,8e+05
1803,310828.343206747
1804,563081.98051274
1805,8e+05
1806,305514.874455185
1807,343364.507291509
1808,489546.365780794
1809,184888.107411159
1810,8e+05
1811,332728.604810219
1812,8e+05
1813,8e+05
1814,50000
1815,519460.358808186
1816,445543.780010868
1817,310922.821439188
1818,264076.142043547
1819,355441.876689356
1820,8e+05
1821,337751.160842317
1822,8e+05
1823,8e+05
1824,8e+05
1825,437785.081444399
1826,308813.976957578
1827,475345.185106838
1828,243601.569105984
1829,164339.762221398
1830,784486.098688058
1831,575390.906585637
1832,263299.175031187
1833,8e+05
1834,410076.744267609
1835,345137.799860376
1836,8e+05
1837,638153.602234034
1838,8e+05
1839,315365.368698213
1840,8e+05
1841,339770.276231083
1842,282739.864001482
1843,8e+05
1844,455401.49707903
1845,445804.279988532
1846,382965.32723672
1847,691588.343561966
1848,8e+05
1849,346865.875507598
1850,334735.125879614
1851,8e+05
1852,8e+05
1853,557835.344679023
1854,8e+05
1855,8e+05
1856,692529.354578854
1857,364531.707238311
1858,541983.876568822
1859,464874.421146042
1860,8e+05
1861,8e+05
1862,502885.320453138
1863,8e+05
1864,403390.802343526
1865,353789.774403932
1866,8e+05
1867,430922.867357287
1868,239434.85500907
1869,221701.822182262
1870,351047.474557056
1871,8e+05
1872,356740.977483952
1873,98088.580583256
1874,397960.33996426
1875,8e+05
1876,8e+05
1877,366463.446379452
1878,62901.5722102382
1879,425011.310612747
1880,176874.644406283
1881,54135.606992664
1882,8e+05
1883,192948.971479084
1884,406727.24421637
1885,8e+05
1886,8e+05
1887,325819.191607996
1888,152337.253906543
1889,8e+05
1890,524378.335218546
1891,8e+05
1892,165764.383643339
1893,238605.869314723
1894,300236.356438748
1895,8e+05
1896,8e+05
1897,692336.57890738
1898,50000
1899,534672.570091993
1900,116295.913100685
1901,102884.799788878
1902,8e+05
1903,475509.34998542
1904,354240.934894539
1905,8e+05
1906,640665.812147215
1907,406947.925768518
1908,155420.335081205
1909,166326.581447383
1910,8e+05
1911,624482.517450723
1912,8e+05
1913,439925.964288615
1914,8e+05
1915,8e+05
1916,674448.548743997
1917,670977.656835833
1918,428990.686538965
1919,273207.159293524
1920,270699.05945687
1921,8e+05
1922,8e+05
1923,218826.239154337
1924,138735.833069926
1925,221374.055281283
1926,713391.239968111
1927,254601.088525387
1928,8e+05
1929,156333.372853136
1930,344975.910406176
1931,289213.445641568
1932,8e+05
1933,248603.461316797
1934,373676.536880795
1935,8e+05
1936,189296.971221475
1937,8e+05
1938,353032.60199079
1939,434802.472578396
1940,726877.391496146
1941,60741.4909973427
1942,8e+05
1943,308559.275221639
1944,8e+05
1945,8e+05
1946,8e+05
1947,360643.767902917
1948,8e+05
1949,244176.105872192
1950,557006.77433753
1951,388188.975104959
1952,282685.700626491
1953,111799.803433417
1954,160271.57964469
1955,8e+05
1956,8e+05
1957,8e+05
1958,417764.247374812
1959,670053.802773822
1960,393554.435421391
1961,541415.188027873
1962,145894.825976015
1963,341049.790085669
1964,408730.946384275
1965,698697.945563185
1966,760292.214398967
1967,420550.189989814
1968,289518.031735358
1969,221327.603273777
1970,533720.254053579
1971,347836.376446653
1972,612881.26819598
1973,300510.211747258
1974,8e+05
1975,8e+05
1976,8e+05
1977,8e+05
1978,286986.129423891
1979,248903.189066417
1980,654368.63963461
1981,8e+05
1982,637614.79871091
1983,377205.474677962
1984,8e+05
1985,8e+05
1986,8e+05
1987,8e+05
1988,327325.193887159
1989,8e+05
1990,291983.191968349
1991,462480.450988364
1992,637736.944875332
1993,691706.564561021
1994,619765.322608673
1995,444674.688423156
1996,8e+05
1997,8e+05
1998,90017.2118017305
1999,8e+05
2000,8e+05
2001,8e+05
2002,304060.43807958
2003,8e+05
2004,8e+05
2005,8e+05
2006,8e+05
2007,361018.74310936
2008,8e+05
2009,286596.14057652
2010,178186.398479908
2011,118798.83950674
2012,419642.960152703
2013,8e+05
2014,8e+05
2015,230503.255694599
2016,8e+05
2017,240831.413998347
2018,751911.010423288
2019,135420.284034715
2020,198076.053599682
2021,8e+05
2022,500820.0703154
2023,50000
2024,8e+05
2025,8e+05
2026,8e+05
2027,8e+05
2028,8e+05
2029,517511.895057875
2030,8e+05
2031,293853.912920043
2032,614059.745855387
2033,8e+05
2034,334762.743628083
2035,95619.8115213551
2036,399429.5922149
2037,483343.732383021
2038,8e+05
2039,403221.572501972
2040,433795.812108082
2041,628802.934651319
2042,8e+05
2043,196247.360792894
2044,8e+05
2045,164848.826013526
2046,266047.841439658
2047,258032.300152802
2048,484506.344203138
2049,340420.835867231
2050,222920.19876523
2051,428395.940588014
2052,8e+05
2053,259578.923058307
2054,281096.098477503
2055,401553.329558193
2056,697242.806800899
2057,177785.242660075
2058,525452.884496808
2059,235253.32758478
2060,185560.873929258
2061,8e+05
2062,369310.014676918
2063,514512.709760349
2064,8e+05
2065,417120.536577746
2066,8e+05
2067,8e+05
2068,263093.723577353
2069,8e+05
2070,238473.805734208
2071,8e+05
2072,571064.694897215
2073,602661.101570592
2074,396292.211518171
2075,416056.727016934
2076,402760.857365908
2077,565888.952138025
2078,8e+05
2079,254528.7789056
2080,97557.005537698
2081,8e+05
2082,410639.496417711
2083,8e+05
2084,8e+05
2085,352153.94569205
2086,8e+05
2087,453940.692874873
2088,461815.65025253
2089,112179.897162996
2090,8e+05
2091,303931.177269303
2092,456279.019774486
2093,241362.727516271
2094,300443.575244543
2095,341432.647341321
2096,8e+05
2097,148457.837276723
2098,8e+05
2099,351090.380055715
2100,134382.798555637
2101,60566.8827584766
2102,245917.678432854
2103,699608.819815245
2104,8e+05
2105,528924.554874113
2106,110423.945780814
2107,166360.476856996
2108,482735.129466205
2109,468648.008475828
2110,345859.506081558
2111,551082.27882865
2112,255891.92312422
2113,8e+05
2114,149996.272007584
2115,354864.606437989
2116,8e+05
2117,324358.466292419
2118,8e+05
2119,493920.421728407
2120,261528.478779452
2121,362987.056585851
2122,8e+05
2123,8e+05
2124,8e+05
2125,8e+05
2126,345286.117563767
2127,520931.805372708
2128,507753.742828888
2129,633064.411777045
2130,590289.756001576
2131,8e+05
2132,8e+05
2133,298750.87438312
2134,691447.775651449
2135,372489.401591507
2136,519807.506756315
2137,8e+05
2138,65223.3353993183
2139,148698.234611389
2140,381790.067479608
2141,8e+05
2142,312193.1058592
2143,8e+05
2144,522506.275089456
2145,279969.51295504
2146,342569.317947201
2147,306615.467774063
2148,8e+05
2149,205382.951284139
2150,8e+05
2151,374960.827825236
2152,674167.206880183
2153,396438.37712295
2154,337583.642555792
2155,630384.548016534
2156,99122.9665358354
2157,387761.223763543
2158,437810.652162384
2159,8e+05
2160,8e+05
2161,556647.175583832
2162,8e+05
2163,475508.334334231
2164,8e+05
2165,130567.99800968
2166,161027.186729641
2167,8e+05
2168,97554.9769232842
2169,514076.479153026
2170,333554.68386655
2171,8e+05
2172,8e+05
2173,8e+05
2174,267825.765158491
2175,8e+05
2176,207638.443335055
2177,545962.574420747
2178,396295.108428984
2179,8e+05
2180,701455.609604792
2181,547321.195564384
2182,515205.989041275
2183,276340.714860655
2184,8e+05
2185,281639.586154846
2186,8e+05
2187,347673.077774314
2188,8e+05
2189,363038.337144455
2190,448562.187060914
2191,8e+05
2192,246549.052304841
2193,8e+05
2194,8e+05
2195,151766.061476831
2196,290579.009961064
2197,286238.367410625
2198,554037.529975348
2199,8e+05
2200,239287.634646724
2201,423624.015324238
2202,8e+05
2203,8e+05
2204,8e+05
2205,8e+05
2206,8e+05
2207,8e+05
2208,8e+05
2209,8e+05
2210,780185.960683696
2211,264635.53339586
2212,760830.524361907
2213,8e+05
2214,506653.465951314
2215,387191.391685863
2216,8e+05
2217,296573.692790651
2218,267328.254246286
2219,8e+05
2220,310721.046257002
2221,220757.194654039
2222,271438.850492073
2223,8e+05
2224,140904.393103169
2225,8e+05
2226,544997.918940691
2227,117011.13158566
2228,8e+05
2229,636107.623423027
2230,699585.23993809
2231,520896.58667433
2232,153641.278757736
2233,8e+05
2234,491642.092442035
2235,162304.405534914
2236,8e+05
2237,547075.851538179
2238,419609.077676408
2239,411433.735916362
2240,309081.630246006
2241,215306.849335751
2242,608234.837470331
2243,222281.640369358
2244,542748.938305874
2245,347242.91117033
2246,8e+05
2247,8e+05
2248,411344.612962846
2249,8e+05
2250,374807.562086228
2251,363116.098113428
2252,473626.890802333
2253,751689.941207512
2254,470448.160841111
2255,158211.932143574
2256,262798.748387168
2257,793436.053637891
2258,8e+05
2259,450845.995999115
2260,8e+05
2261,578302.542424577
2262,343366.595238906
2263,8e+05
2264,8e+05
2265,107342.761594066
2266,8e+05
2267,8e+05
2268,197550.428445124
2269,8e+05
2270,433882.421378608
2271,524682.472678723
2272,569907.280774274
2273,390441.100037811
2274,8e+05
2275,8e+05
2276,588690.331324924
2277,380071.410896687
2278,621194.054309317
2279,8e+05
2280,8e+05
2281,337657.196776619
2282,8e+05
2283,477423.224417868
2284,297039.412713617
2285,459680.671442557
2286,374605.938254435
2287,254294.14728405
2288,316789.891950424
2289,308462.223459152
2290,8e+05
2291,8e+05
2292,8e+05
2293,255398.15709452
2294,433276.373539934
2295,8e+05
2296,613878.372668856
2297,430688.735955853
2298,404398.897794466
2299,527795.185578231
2300,467443.604127047
2301,299508.706331621
2302,605719.085651875
2303,221828.149588223
2304,272201.440790575
2305,8e+05
2306,243191.50020569
2307,114107.40511267
2308,340573.824470307
2309,367305.935808998
2310,8e+05
2311,8e+05
2312,358230.434571713
2313,341828.891450654
2314,309977.23469642
2315,680850.224610157
2316,241398.706175223
2317,8e+05
2318,217923.067492306
2319,8e+05
2320,628610.950676086
2321,8e+05
2322,8e+05
2323,8e+05
2324,8e+05
2325,8e+05
2326,225335.3886315
2327,412407.505547574
2328,8e+05
2329,8e+05
2330,8e+05
2331,8e+05
2332,8e+05
2333,413375.66828444
2334,8e+05
2335,413628.453927915
2336,108567.841571055
2337,8e+05
2338,262326.09286789
2339,8e+05
2340,397515.515818089
2341,385929.294645972
2342,353299.600052124
2343,329719.174357404
2344,648733.74436824
2345,8e+05
2346,586082.065473508
2347,284541.017623868
2348,535803.624187057
2349,215460.344290721
2350,8e+05
2351,8e+05
2352,167800.715509234
2353,360463.455292075
2354,679221.795652173
2355,498994.210328826
2356,254908.271909883
2357,506930.97578286
2358,571124.455446573
2359,405518.863196564
2360,328563.057731931
2361,326474.788018745
2362,8e+05
2363,236063.492230761
2364,162729.432858068
2365,457582.388331199
2366,750398.233567768
2367,533537.212368184
2368,174226.354937039
2369,8e+05
2370,449512.261289741
2371,8e+05
2372,149883.750922194
2373,366115.913293885
2374,332274.4931188
2375,8e+05
2376,542689.892606623
2377,8e+05
2378,408988.497916756
2379,8e+05
2380,398945.491401604
2381,8e+05
2382,176835.209677701
2383,462178.044942171
2384,425029.053275863
2385,241628.353858516
2386,219497.622833599
2387,517320.873614392
2388,8e+05
2389,98660.5757691692
2390,566650.543189477
2391,798818.921416868
2392,758559.632567884
2393,376438.03944317
2394,8e+05
2395,354582.964467724
2396,355782.807134247
2397,8e+05
2398,386708.73966996
2399,382510.670536759
2400,579549.511214719
2401,8e+05
2402,593748.816365806
2403,259507.807654527
2404,8e+05
2405,8e+05
2406,8e+05
2407,314232.450952761
2408,598334.635538366
2409,50000
2410,484468.827941205
2411,8e+05
2412,488175.973668638
2413,300888.540145501
2414,244840.31993078
2415,304668.898761638
2416,315159.26252744
2417,233218.653070484
2418,8e+05
2419,639815.538696676
2420,8e+05
2421,483222.822194987
2422,286477.586739712
2423,357014.663134326
2424,8e+05
2425,299573.94123966
2426,184141.815871437
2427,8e+05
2428,502827.255389889
2429,117875.834421232
2430,55732.1721077082
2431,338260.409823444
2432,8e+05
2433,8e+05
2434,314019.362989655
2435,8e+05
2436,152603.258728748
2437,8e+05
2438,8e+05
2439,8e+05
2440,97667.3427816156
2441,166521.469690856
2442,8e+05
2443,261254.353508765
2444,323629.586157165
2445,467376.994642269
2446,401070.221505894
2447,424346.452654627
2448,8e+05
2449,98845.3424345762
2450,343372.003510342
2451,261480.178366602
2452,200797.128060402
2453,8e+05
2454,359795.270684727
2455,8e+05
2456,8e+05
2457,359041.659151781
2458,640342.634428159
2459,8e+05
2460,8e+05
2461,8e+05
2462,157968.110994481
2463,231214.353791735
2464,8e+05
2465,348452.968518619
2466,189148.482098158
2467,680910.03687995
2468,8e+05
2469,561060.522570806
2470,368237.075963548
2471,572879.887834234
2472,219967.500877875
2473,8e+05
2474,8e+05
2475,467635.257508233
2476,8e+05
2477,283230.161739765
2478,545679.91506588
2479,8e+05
2480,8e+05
2481,510786.068764651
2482,440162.846171727
2483,8e+05
2484,265122.167438801
2485,194272.246723478
2486,8e+05
2487,661843.850687814
2488,541422.204312136
2489,451613.350133632
2490,551792.693198879
2491,226364.499818223
2492,8e+05
2493,8e+05
2494,451257.853799378
2495,516708.088383024
2496,261258.500680954
2497,527058.668655113
2498,8e+05
2499,151692.612547474
2500,221221.430463793
2501,8e+05
2502,8e+05
2503,8e+05
2504,267450.298294
2505,772963.976391999
2506,8e+05
2507,8e+05
2508,460207.75455219
2509,8e+05
2510,100647.946944845
2511,546268.850336311
2512,8e+05
2513,275688.980234319
2514,656212.743021513
2515,413943.460837084
2516,8e+05
2517,8e+05
2518,153732.969598434
2519,8e+05
2520,8e+05
2521,419210.992579536
2522,741525.040184989
2523,8e+05
2524,324886.755649102
2525,360746.918967356
2526,8e+05
2527,305939.471624939
2528,302699.712324249
2529,566130.100060984
2530,222882.529049854
2531,8e+05
2532,396475.049718474
2533,8e+05
2534,187663.777244495
2535,320709.82104944
2536,341546.611638694
2537,8e+05
2538,221860.619677605
2539,371345.881493537
2540,522580.463778124
2541,455913.360685666
2542,8e+05
2543,133979.815952195
2544,436556.198867665
2545,8e+05
2546,8e+05
2547,8e+05
2548,408174.929819427
2549,484631.81715024
2550,8e+05
2551,8e+05
2552,393185.646612337
2553,8e+05
2554,478769.047545212
2555,206139.565656679
2556,382198.685234801
2557,135293.878739841
2558,8e+05
2559,8e+05
2560,727188.121952074
2561,425267.569616584
2562,8e+05
2563,8e+05
2564,8e+05
2565,109623.685118064
2566,334094.508077416
2567,8e+05
2568,191891.181741714
2569,8e+05
2570,140799.670817087
2571,8e+05
2572,430112.902218174
2573,455719.1683755
2574,8e+05
2575,8e+05
2576,536547.764463984
2577,514041.223360776
2578,8e+05
2579,8e+05
2580,558278.126840188
2581,132157.055462828
2582,428131.994606711
2583,50000
2584,8e+05
2585,309832.93984059
2586,462260.063845465
2587,762114.889254855
2588,415455.752805157
2589,491638.729653839
2590,338668.245263527
2591,8e+05
2592,391854.4375927
2593,632769.54896568
2594,369239.444827364
2595,547359.131663657
2596,8e+05
2597,739141.494468905
2598,310615.130955288
2599,642254.69183163
2600,8e+05
2601,575560.781339175
2602,750850.130053871
2603,316388.482387707
2604,257832.711450574
2605,271906.126292782
2606,557504.081312239
2607,8e+05
2608,394680.313395531
2609,416593.864080037
2610,439727.369335514
2611,237834.395812573
2612,317220.387782914
2613,8e+05
2614,373276.027058795
2615,8e+05
2616,8e+05
2617,485237.839969037
2618,486589.559633155
2619,8e+05
2620,8e+05
2621,429502.054521045
2622,307404.944523461
2623,332359.346762765
2624,288404.789157478
2625,745911.905455701
2626,145043.146178316
2627,8e+05
2628,8e+05
2629,521806.904026302
2630,543080.621367211
2631,8e+05
2632,8e+05
2633,688082.892663975
2634,8e+05
2635,8e+05
2636,462230.646658369
2637,507228.218535721
2638,497246.903279162
2639,431364.27893212
2640,8e+05
2641,526205.813386508
2642,8e+05
2643,8e+05
2644,364500.297135812
2645,629627.755623504
2646,8e+05
2647,149488.041659189
2648,413451.875328189
2649,360436.444864764
2650,459849.141455674
2651,547772.960065232
2652,453759.036377054
2653,678966.611448197
2654,489758.02818771
2655,8e+05
2656,8e+05
2657,360727.081486888
2658,521806.476080443
2659,8e+05
2660,242972.967038341
2661,8e+05
2662,8e+05
2663,8e+05
2664,8e+05
2665,408769.97300457
2666,8e+05
2667,613893.321172839
2668,181625.191733859
2669,151465.540984837
2670,433507.727279545
2671,372672.669277914
2672,8e+05
2673,151525.008828929
2674,269212.433445134
2675,280238.592111352
2676,394505.940445323
2677,8e+05
2678,472959.693491282
2679,368435.96099155
2680,564049.163182174
2681,8e+05
2682,219221.293009023
2683,8e+05
2684,456036.845099206
2685,8e+05
2686,8e+05
2687,782823.330493837
2688,8e+05
2689,642157.431977083
2690,346140.207990882
2691,476355.457221585
2692,326488.915606549
2693,670570.839760741
2694,296117.849193616
2695,8e+05
2696,500090.398805559
2697,8e+05
2698,423865.209239903
2699,392604.552518655
2700,359643.209304612
2701,261240.309120658
2702,8e+05
2703,8e+05
2704,8e+05
2705,388816.258294796
2706,306221.972190121
2707,8e+05
2708,8e+05
2709,8e+05
2710,492420.374970568
2711,8e+05
2712,8e+05
2713,347326.541917586
2714,376061.36152679
2715,515416.045114122
2716,291306.146540451
2717,562236.015889473
2718,8e+05
2719,8e+05
2720,432608.050720969
2721,8e+05
2722,753837.213357003
2723,537714.16321707
2724,373975.889988668
2725,303290.474979576
2726,371619.505095013
2727,8e+05
2728,99011.0150640916
2729,8e+05
2730,428172.5703622
2731,532583.956383642
2732,8e+05
2733,349734.783458192
2734,8e+05
2735,244332.443442771
2736,8e+05
2737,172224.810241129
2738,8e+05
2739,8e+05
2740,8e+05
2741,400347.124724431
2742,294963.869377389
2743,8e+05
2744,427746.49859009
2745,8e+05
2746,235322.441032976
2747,8e+05
2748,397343.707619078
2749,216287.622601969
2750,8e+05
2751,8e+05
2752,238325.88865126
2753,8e+05
2754,300683.05731423
2755,8e+05
2756,8e+05
2757,516762.785067152
2758,64416.0154695058
2759,181744.383905073
2760,8e+05
2761,8e+05
2762,753946.107948264
2763,169051.879266914
2764,8e+05
2765,530024.103032706
2766,8e+05
2767,8e+05
2768,8e+05
2769,424755.81058665
2770,8e+05
2771,8e+05
2772,354965.243468876
2773,63987.4354622672
2774,239899.175323233
2775,565691.196742395
2776,8e+05
2777,8e+05
2778,8e+05
2779,8e+05
2780,255018.430683328
2781,457519.413240097
2782,197649.932026665
2783,510469.3745059
2784,205432.40495353
2785,609478.701439293
2786,600729.988790766
2787,8e+05
2788,598848.000285791
2789,8e+05
2790,260431.33307531
2791,533178.652863551
2792,271189.819065489
2793,8e+05
2794,8e+05
2795,637969.99639349
2796,514160.493925269
2797,665584.876712168
2798,8e+05
2799,511017.795528445
2800,310292.481922897
2801,8e+05
2802,8e+05
2803,8e+05
2804,262803.967418159
2805,318790.594880406
2806,8e+05
2807,8e+05
2808,262523.062162159
2809,446728.474621835
2810,8e+05
2811,433974.685692956
2812,431801.584582487
2813,151675.406879216
2814,599736.328803284
2815,8e+05
2816,197523.759170323
2817,8e+05
2818,8e+05
2819,8e+05
2820,381605.915444097
2821,211146.947850434
2822,431231.865966292
2823,8e+05
2824,636501.806698392
2825,255684.264015134
2826,296387.195752551
2827,372594.483472064
2828,8e+05
2829,8e+05
2830,757088.975120857
2831,603938.220853462
2832,630362.187798282
2833,356286.030241334
2834,8e+05
2835,375621.673932113
2836,427876.774568481
2837,8e+05
2838,510796.239049474
2839,405820.63557359
2840,506567.765000793
2841,575263.322871836
2842,586975.039183538
2843,8e+05
2844,8e+05
2845,561615.816758535
2846,272435.044047979
2847,482195.53204137
2848,8e+05
2849,8e+05
2850,8e+05
2851,8e+05
2852,8e+05
2853,253447.801704655
2854,325347.298493612
2855,8e+05
2856,618862.435268394
2857,8e+05
2858,301359.619713026
2859,476093.897646785
2860,640212.248169603
2861,403054.485557293
2862,319537.927111038
2863,467664.148392529
2864,568793.680698838
2865,8e+05
2866,661608.836833369
2867,496570.006245465
2868,119082.041029771
2869,316615.612048988
2870,435193.93710449
2871,8e+05
2872,268849.439439116
2873,364562.564454908
2874,301829.700358105
2875,8e+05
2876,627516.935817369
2877,384825.38766031
2878,125943.786310954
2879,8e+05
2880,467968.932598995
2881,8e+05
2882,196159.537992695
2883,8e+05
2884,379030.235334453
2885,344545.252715159
2886,8e+05
2887,304373.467957103
2888,8e+05
2889,459470.446154741
2890,8e+05
2891,8e+05
2892,534310.23536781
2893,344896.489990942
2894,386922.301710458
2895,8e+05
2896,317739.520127102
2897,233999.591608635
2898,387180.46054505
2899,233626.660919139
2900,582691.835300377
2901,551003.304466618
2902,626291.486367801
2903,313045.968344475
2904,8e+05
2905,292118.141962258
2906,203771.724817131
2907,201598.635705458
2908,8e+05
2909,597237.271490054
2910,404051.629512123
2911,8e+05
2912,8e+05
2913,413500.425737511
2914,324445.728072759
2915,363837.241689418
2916,675349.733265125
2917,72793.8527975984
2918,345178.236395266
2919,8e+05
2920,489667.945447859
2921,254171.822025984
2922,8e+05
2923,421119.563406963
2924,200224.089262563
2925,251276.968040756
2926,503884.254765065
2927,609120.253568974
2928,261698.99948635
2929,8e+05
2930,210670.594033154
2931,8e+05
2932,198756.626122729
2933,350675.529786963
2934,8e+05
2935,637140.171192808
2936,385141.596668028
2937,429888.935469841
2938,243141.752084409
2939,585493.658494111
2940,376521.571113983
2941,577264.967905131
2942,511738.483320075
2943,8e+05
2944,8e+05
2945,8e+05
2946,8e+05
2947,487589.7053774
2948,354208.833760499
2949,515241.196861592
2950,358491.169667268
2951,8e+05
2952,339158.918305023
2953,684128.320909017
2954,8e+05
2955,8e+05
2956,202172.977045992
2957,54131.6488443003
2958,288066.838506544
2959,343345.37737733
2960,421148.911047962
2961,8e+05
2962,599792.179674284
2963,309584.518359174
2964,283903.945824272
2965,792730.599767116
2966,705137.396739697
2967,443344.314160806
2968,8e+05
2969,783809.370008235
2970,116109.649134151
2971,281321.568684402
2972,8e+05
2973,281908.89393542
2974,314485.766953909
2975,89330.3689534835
2976,8e+05
2977,8e+05
2978,151179.961522491
2979,124328.124982776
2980,8e+05
2981,8e+05
2982,788842.183379968
2983,8e+05
2984,704304.642737388
2985,8e+05
2986,8e+05
2987,315347.966699051
2988,64593.8807530847
2989,110351.409766493
2990,326581.714787143
2991,8e+05
2992,507477.300337512
2993,318823.399806229
2994,8e+05
2995,363260.285920074
2996,392069.605057292
2997,363030.494361933
2998,211783.178271987
2999,8e+05
3000,8e+05
